"Name","Company","State","City","Salary","Location","Url"
"Accounting & Finance Specialist","","MA","Framingham","","Framingham, MA","https://www.glassdoor.com/partner/jobListing.htm?pos=101&ao=944651&s=58&guid=000001707d195bd0980ef56799f91ce4&src=GD_JOB_AD&t=SR&extid=1&exst=OL&ist=&ast=OL&vt=w&slr=true&ea=1&cs=1_ddfcef6a&cb=1582646779448&jobListingId=3474972417"
"Credit Analyst","","MA","Boston","","Boston, MA","https://www.glassdoor.com/partner/jobListing.htm?pos=102&ao=945381&s=58&guid=000001707d195bd0980ef56799f91ce4&src=GD_JOB_AD&t=SR&extid=1&exst=OL&ist=&ast=OL&vt=w&slr=true&ea=1&cs=1_cbfbee5e&cb=1582646779450&jobListingId=3482066972"
"Reporting Associate","","MA","Boston","","Boston, MA","https://www.glassdoor.com/partner/jobListing.htm?pos=103&ao=857474&s=58&guid=000001707d195bd0980ef56799f91ce4&src=GD_JOB_AD&t=SR&extid=1&exst=OL&ist=&ast=OL&vt=w&slr=true&ea=1&cs=1_9fa5da6d&cb=1582646779451&jobListingId=3424877885"
"Business Analyst - Finance Focus","","MA","Boston","","Boston, MA","https://www.glassdoor.com/partner/jobListing.htm?pos=104&ao=863205&s=58&guid=000001707d195bd0980ef56799f91ce4&src=GD_JOB_AD&t=SR&extid=1&exst=OL&ist=&ast=OL&vt=w&slr=true&ea=1&cs=1_d6f63292&cb=1582646779452&jobListingId=3231884213"
"Sales Operations Analyst","","MA","Boston","","Boston, MA","https://www.glassdoor.com/partner/jobListing.htm?pos=105&ao=787322&s=58&guid=000001707d195bd0980ef56799f91ce4&src=GD_JOB_AD&t=SR&extid=1&exst=OL&ist=&ast=OL&vt=w&slr=true&cs=1_efefd465&cb=1582646779453&jobListingId=3471189516"
"Sales Operations Analyst","","MA","Boston","","Boston, MA","https://www.glassdoor.com/partner/jobListing.htm?pos=106&ao=945388&s=58&guid=000001707d195bd0980ef56799f91ce4&src=GD_JOB_AD&t=SR&extid=1&exst=OL&ist=&ast=OL&vt=w&slr=true&ea=1&cs=1_2ee30df0&cb=1582646779453&jobListingId=3475306875"
"Entry Level Sales","","MA","Somerville","","Somerville, MA","https://www.glassdoor.com/partner/jobListing.htm?pos=107&ao=857863&s=58&guid=000001707d195bd0980ef56799f91ce4&src=GD_JOB_AD&t=SR&extid=1&exst=OL&ist=&ast=OL&vt=w&slr=true&ea=1&cs=1_01ea73ad&cb=1582646779455&jobListingId=3360510812"
"Analyst","","MA","Boston","","Boston, MA","https://www.glassdoor.com/partner/jobListing.htm?pos=108&ao=778168&s=58&guid=000001707d195bd0980ef56799f91ce4&src=GD_JOB_AD&t=SR&extid=1&exst=OL&ist=&ast=OL&vt=w&slr=true&ea=1&cs=1_e3d09e44&cb=1582646779456&jobListingId=3425980193"
"Managing Consultant - Risk & Compliance (BOS)","","MA","Boston","","Boston, MA","https://www.glassdoor.com/partner/jobListing.htm?pos=109&ao=847367&s=58&guid=000001707d195bd0980ef56799f91ce4&src=GD_JOB_AD&t=SR&extid=1&exst=OL&ist=&ast=OL&vt=w&slr=true&cs=1_363af24d&cb=1582646779457&jobListingId=3347320809"
"Financial Analyst (Entry Level; Up to $65k)","","MA","Newton","","Newton, MA","https://www.glassdoor.com/partner/jobListing.htm?pos=110&ao=861115&s=58&guid=000001707d195bd0980ef56799f91ce4&src=GD_JOB_AD&t=SR&extid=1&exst=OL&ist=&ast=OL&vt=w&slr=true&ea=1&cs=1_893f82be&cb=1582646779458&jobListingId=3498860720"
"Controller / Accounting Manager","","MA","Boston","","Boston, MA","https://www.glassdoor.com/partner/jobListing.htm?pos=111&ao=865317&s=58&guid=000001707d195bd0980ef56799f91ce4&src=GD_JOB_AD&t=SR&extid=1&exst=OL&ist=&ast=OL&vt=w&slr=true&ea=1&cs=1_56b2c63a&cb=1582646779459&jobListingId=3388921239"
"Licensed Plumber - $25,000 Sign on BONUS","","MA","Watertown","","Watertown, MA","https://www.glassdoor.com/partner/jobListing.htm?pos=112&ao=871726&s=58&guid=000001707d195bd0980ef56799f91ce4&src=GD_JOB_AD&t=SR&extid=1&exst=OL&ist=&ast=OL&vt=w&slr=true&ea=1&cs=1_6b595cbe&cb=1582646779461&jobListingId=3472589300"
"Financial Consultant - Cambridge","","MA","Boston","","Boston, MA","https://www.glassdoor.com/partner/jobListing.htm?pos=113&ao=457323&s=58&guid=000001707d195bd0980ef56799f91ce4&src=GD_JOB_AD&t=SR&extid=1&exst=OL&ist=&ast=OL&vt=w&slr=true&cs=1_9dd01162&cb=1582646779461&jobListingId=3502294017"
"Assistant Controller","","MA","Foxboro","","Foxboro, MA","https://www.glassdoor.com/partner/jobListing.htm?pos=114&ao=937741&s=58&guid=000001707d195bd0980ef56799f91ce4&src=GD_JOB_AD&t=SR&extid=1&exst=OL&ist=&ast=OL&vt=w&slr=true&ea=1&cs=1_5e41dc84&cb=1582646779466&jobListingId=3482906519"
"Operations Analyst","","MA","Boston","","Boston, MA","https://www.glassdoor.com/partner/jobListing.htm?pos=115&ao=935271&s=58&guid=000001707d195bd0980ef56799f91ce4&src=GD_JOB_AD&t=SR&extid=1&exst=OL&ist=&ast=OL&vt=w&slr=true&cs=1_56096d0d&cb=1582646779467&jobListingId=3490855007"
"Associate Director/Senior Manager, Program Office Finance","","MA","Cambridge","","Cambridge, MA","https://www.glassdoor.com/partner/jobListing.htm?pos=116&ao=942310&s=58&guid=000001707d195bd0980ef56799f91ce4&src=GD_JOB_AD&t=SR&extid=1&exst=OL&ist=&ast=OL&vt=w&slr=true&cs=1_4802fef3&cb=1582646779469&jobListingId=3457184590"
"Senior Flight Co-ordinator","","MA","Boston","","Boston, MA","https://www.glassdoor.com/partner/jobListing.htm?pos=117&ao=898087&s=58&guid=000001707d195bd0980ef56799f91ce4&src=GD_JOB_AD&t=SR&extid=1&exst=OL&ist=&ast=OL&vt=w&slr=true&cs=1_8a2699aa&cb=1582646779470&jobListingId=3495240933"
"FP&A Analyst","","MA","Boston","","Boston, MA","https://www.glassdoor.com/partner/jobListing.htm?pos=118&ao=933707&s=58&guid=000001707d195bd0980ef56799f91ce4&src=GD_JOB_AD&t=SR&extid=1&exst=OL&ist=&ast=OL&vt=w&slr=true&cs=1_450e8848&cb=1582646779471&jobListingId=3481292142"
"Finance Manager","","MA","Boston","","Boston, MA","https://www.glassdoor.com/partner/jobListing.htm?pos=119&ao=773111&s=58&guid=000001707d195bd0980ef56799f91ce4&src=GD_JOB_AD&t=SR&extid=1&exst=OL&ist=&ast=OL&vt=w&slr=true&cs=1_2c38a66d&cb=1582646779473&jobListingId=3419554876"
"Analyst, Private Equity, Liberty Mutual Investments","","MA","Boston","","Boston, MA","https://www.glassdoor.com/partner/jobListing.htm?pos=120&ao=180612&s=58&guid=000001707d195bd0980ef56799f91ce4&src=GD_JOB_AD&t=SR&extid=1&exst=OL&ist=&ast=OL&vt=w&slr=true&cs=1_6c14e72d&cb=1582646779480&jobListingId=3474698132"
"Credit Risk Analyst","","MA","Boston","","Boston, MA","https://www.glassdoor.com/partner/jobListing.htm?pos=121&ao=933707&s=58&guid=000001707d195bd0980ef56799f91ce4&src=GD_JOB_AD&t=SR&extid=1&exst=OL&ist=&ast=OL&vt=w&slr=true&cs=1_8b093441&cb=1582646779481&jobListingId=3483212397"
"TMT MC Finance Treasury Consulting - Director","","MA","Boston","","Boston, MA","https://www.glassdoor.com/partner/jobListing.htm?pos=122&ao=775897&s=58&guid=000001707d195bd0980ef56799f91ce4&src=GD_JOB_AD&t=SR&extid=1&exst=OL&ist=&ast=OL&vt=w&slr=true&cs=1_03c27a23&cb=1582646779483&jobListingId=3502470179"
"Relationship Banker, Quincy, MA","","MA","Quincy","","Quincy, MA","https://www.glassdoor.com/partner/jobListing.htm?pos=123&ao=258348&s=58&guid=000001707d195bd0980ef56799f91ce4&src=GD_JOB_AD&t=SR&extid=1&exst=OL&ist=&ast=OL&vt=w&slr=true&cs=1_bf993660&cb=1582646779485&jobListingId=3453726816"
"Foundation Relations Manager (Grantwriter)","","MA","Needham","","Needham, MA","https://www.glassdoor.com/partner/jobListing.htm?pos=124&ao=871724&s=58&guid=000001707d195bd0980ef56799f91ce4&src=GD_JOB_AD&t=SR&extid=1&exst=OL&ist=&ast=OL&vt=w&slr=true&ea=1&cs=1_7d76b906&cb=1582646779490&jobListingId=3487122541"
"Loan Compliance Manager - Community Bank","","MA","Watertown","","Watertown, MA","https://www.glassdoor.com/partner/jobListing.htm?pos=125&ao=871725&s=58&guid=000001707d195bd0980ef56799f91ce4&src=GD_JOB_AD&t=SR&extid=1&exst=OL&ist=&ast=OL&vt=w&slr=true&ea=1&cs=1_693d9a5b&cb=1582646779491&jobListingId=3487403612"
"Regional Compliance Officer","","MA","Boston","","Boston, MA","https://www.glassdoor.com/partner/jobListing.htm?pos=126&ao=918082&s=58&guid=000001707d195bd0980ef56799f91ce4&src=GD_JOB_AD&t=SR&extid=1&exst=OL&ist=&ast=OL&vt=w&slr=true&cs=1_be92b1bb&cb=1582646779492&jobListingId=3465168235"
"Sales and Use Tax Analyst","","MA","Woburn","","Woburn, MA","https://www.glassdoor.com/partner/jobListing.htm?pos=127&ao=618771&s=58&guid=000001707d195bd0980ef56799f91ce4&src=GD_JOB_AD&t=SR&extid=1&exst=OL&ist=&ast=OL&vt=w&slr=true&cs=1_43191583&cb=1582646779496&jobListingId=3499656992"
"Credit Analyst II","","MA","Boston","","Boston, MA","https://www.glassdoor.com/partner/jobListing.htm?pos=128&ao=925991&s=58&guid=000001707d195bd0980ef56799f91ce4&src=GD_JOB_AD&t=SR&extid=1&exst=OL&ist=&ast=OL&vt=w&slr=true&ea=1&cs=1_950eebf0&cb=1582646779497&jobListingId=3482936352"
"Data Associate","","MA","Boston","","Boston, MA","https://www.glassdoor.com/partner/jobListing.htm?pos=129&ao=659666&s=58&guid=000001707d195bd0980ef56799f91ce4&src=GD_JOB_AD&t=SR&extid=1&exst=OL&ist=&ast=OL&vt=w&slr=true&cs=1_3863677a&cb=1582646779498&jobListingId=3498289170"
"Senior Financial Analyst","","MA","Boston","","Boston, MA","https://www.glassdoor.com/partner/jobListing.htm?pos=130&ao=945754&s=58&guid=000001707d195bd0980ef56799f91ce4&src=GD_JOB_AD&t=SR&extid=1&exst=OL&ist=&ast=OL&vt=w&slr=true&cs=1_bc6b17ab&cb=1582646779499&jobListingId=3475984235"
